{
  "avg_fp_iters": 5.166666666666667,
  "best_val_acc": 0.90625,
  "best_val_acc_postwarm": 0.90625,
  "delta_post_vs_pre": -0.0625,
  "early_stop_epoch": 6,
  "final_val_loss": 1.3252271115779877,
  "gate_open_epoch": 5,
  "gate_success": false,
  "nce_ema_write_cos": 0.3356615060790852,
  "nce_gate_epoch": 5,
  "nce_gate_reason": "read",
  "nce_lambda_last": 0.001,
  "nce_read_ema_cos": 0.6602833782150744,
  "post_gate_best_acc": 0.84375,
  "pre_gate_best_acc": 0.90625,
  "walltime_sec": 709.9077287500259
}