{
  "avg_fp_iters": 5.333333333333333,
  "best_val_acc": 0.90625,
  "best_val_acc_postwarm": 0.859375,
  "delta_post_vs_pre": -0.046875,
  "early_stop_epoch": null,
  "final_val_loss": 1.1524836272001266,
  "gate_open_epoch": 3,
  "gate_success": false,
  "nce_ema_write_cos": 0.48799999999999993,
  "nce_gate_epoch": 3,
  "nce_gate_reason": "plateau",
  "nce_lambda_last": 0.005,
  "nce_read_ema_cos": 0.4306157048344611,
  "post_gate_best_acc": 0.859375,
  "pre_gate_best_acc": 0.90625,
  "walltime_sec": 360.86333437496796
}