{
  "avg_fp_iters": 5.2,
  "best_val_acc": 0.859375,
  "best_val_acc_postwarm": 0.859375,
  "delta_post_vs_pre": 0.03125,
  "early_stop_epoch": 5,
  "final_val_loss": 3.3709095120429993,
  "gate_open_epoch": 3,
  "gate_success": false,
  "nce_ema_write_cos": 0.2448209102600626,
  "nce_gate_epoch": 3,
  "nce_gate_reason": "plateau",
  "nce_lambda_last": 0.013000000000000001,
  "nce_read_ema_cos": 0.47337850727707137,
  "post_gate_best_acc": 0.859375,
  "pre_gate_best_acc": 0.828125,
  "walltime_sec": 290.31897987495176
}