{
  "avg_fp_iters": 5.125,
  "best_val_acc": 0.90625,
  "best_val_acc_postwarm": 0.90625,
  "delta_post_vs_pre": -0.015625,
  "early_stop_epoch": null,
  "final_val_loss": 1.0711672753095627,
  "gate_open_epoch": 7,
  "gate_success": false,
  "nce_ema_write_cos": 0.34919923603354036,
  "nce_gate_epoch": 7,
  "nce_gate_reason": "read",
  "nce_lambda_last": 0.0015,
  "nce_read_ema_cos": 0.7372761485658216,
  "post_gate_best_acc": 0.890625,
  "pre_gate_best_acc": 0.90625,
  "walltime_sec": 1832.4273152081296
}